Position,Score
0,0.2962962962962963
1,0.2962962962962963
2,0.2962962962962963
3,0.2962962962962963
4,0.8888888888888888
5,2.5925925925925926
6,3.8518518518518516
7,1.4814814814814814
8,2.6666666666666665
9,4.444444444444445
10,5.037037037037037
11,5.037037037037037
12,2.5925925925925926
13,2.1481481481481484
14,9.185185185185185
15,6.222222222222222
16,2.074074074074074
17,5.037037037037037
18,5.62962962962963
19,4.444444444444445
20,6.222222222222222
21,2.074074074074074
22,3.925925925925926
23,2.740740740740741
24,3.259259259259259
25,6.222222222222222
26,1.4814814814814814
27,5.62962962962963
28,5.037037037037037
29,5.037037037037037
30,0.9629629629629629
31,4.666666666666667
32,5.037037037037037
33,6.222222222222222
34,4.7407407407407405
35,2.074074074074074
36,3.8518518518518516
37,6.814814814814815
38,3.8518518518518516
39,5.62962962962963
40,5.037037037037037
41,2.814814814814815
42,1.4814814814814814
43,6.222222222222222
44,2.074074074074074
45,5.62962962962963
46,6.222222222222222
47,2.6666666666666665
48,2.3703703703703702
49,3.8518518518518516
50,0.2962962962962963
51,4.37037037037037
52,3.6296296296296298
53,2.0
54,4.0
55,3.8518518518518516
56,2.074074074074074
57,4.0
58,5.037037037037037
59,2.074074074074074
60,1.4814814814814814
61,3.259259259259259
62,2.074074074074074
63,2.074074074074074
64,7.407407407407407
65,6.222222222222222
66,3.259259259259259
67,5.62962962962963
68,5.037037037037037
69,5.037037037037037
70,2.074074074074074
71,2.2222222222222223
72,5.037037037037037
73,6.222222222222222
74,1.8518518518518519
75,3.8518518518518516
76,5.037037037037037
77,5.62962962962963
78,2.074074074074074
79,5.62962962962963
80,6.222222222222222
81,2.3703703703703702
82,7.407407407407407
83,2.814814814814815
84,4.814814814814815
85,0.8888888888888888
86,4.074074074074074
87,5.037037037037037
88,6.148148148148148
89,5.037037037037037
90,5.037037037037037
91,2.6666666666666665
92,3.5555555555555554
93,7.407407407407407
94,5.037037037037037
95,3.111111111111111
96,0.8888888888888888
97,7.407407407407407
98,5.62962962962963
99,4.444444444444445
100,2.074074074074074
101,3.259259259259259
102,2.6666666666666665
103,1.4814814814814814
104,2.6666666666666665
105,2.6666666666666665
106,2.962962962962963
107,5.037037037037037
108,3.259259259259259
109,5.185185185185185
110,3.185185185185185
111,3.8518518518518516
112,4.444444444444445
113,3.4074074074074074
114,5.037037037037037
115,3.7777777777777777
116,2.2962962962962963
117,3.111111111111111
118,5.185185185185185
119,0.2962962962962963
120,0.2962962962962963
121,3.037037037037037
122,2.074074074074074
123,2.6666666666666665
124,2.074074074074074
125,5.037037037037037
126,1.4814814814814814
127,2.5185185185185186
128,5.407407407407407
129,4.888888888888889
130,5.037037037037037
131,3.8518518518518516
132,2.740740740740741
133,3.8518518518518516
134,2.6666666666666665
135,3.8518518518518516
136,3.8518518518518516
137,2.074074074074074
138,2.074074074074074
139,0.8888888888888888
140,2.3703703703703702
141,6.222222222222222
142,3.925925925925926
143,1.4814814814814814
144,2.6666666666666665
145,1.5555555555555556
146,6.814814814814815
147,5.62962962962963
148,5.111111111111111
149,3.7037037037037037
150,6.222222222222222
151,6.222222222222222
152,2.0
153,6.222222222222222
M3,-0.3199999975613924
M4,-0.3199999975613924
